Exovora,
Quintarion,
Thalassar,
Cygnaria,
Astrylis,
Veridion,
Aquiloria,
Terranova,
Zephyria,
Auroria,
Celestoria,
Xenithar,
Stellara,
Novaris,
Equinoxia,
Phoenorix,
Nebuloria,
Galaxara,
Solarix,
Cosmonova,
Orionis,
Luminara,
Voyagorix,
Starlithos,
Astralis,
Neptorix,
Serpentara,
Lyridion,
Celestium,
Corvonia,
Xenaris,
Astradia,
Quasaria,
Zephyrion,
Pandoria,
Astralara,
Stellarius,
Altaria,
Astrionis,
Seraphara,
Aquilitha,
Scorpius,
Corsarian,
Vespera,
Artemion,
Orbitarix,
Thalarion,
Cygnaris,
Argonova,
Umbrialis,
Hyperion,
