Voyager,
Orion,
Apex,
Horizon,
Starblaze,
Nebula,
Cosmos,
Intrepid,
Celestia,
Galaxion,
Astrum,
Stardust,
Comet,
Supernova,
Quasar,
Pioneer,
Starhawk,
Luminex,
Odyssey,
Xenith,
Vortex,
Neutrino,
Antares,
Solstice,
Centurion,
Astrion,
Sentinel,
Spectra,
Interlude,
Stellaris,
Solara,
Avalon,
Vigilant,
Meridian,
Cynosure,
Skyward,
Umbra,
Aurora,
Vortex,
Celestial,
Excalibur,
Titan,
Voyageur,
Compass,
Genesis,
Scorpion,
Infinity,
Artemis,
Lyric,
Zenith,
Stratos,
Equinox,
Phoenix,
Liberty,
Celestium,
Exodus,
Horizon,
Intrepid,
Quest,
Corsair,
Cosmic,
Sable,
Argonaut,
Xenon,
Umbrial,
Solaris,
Voyant,
Astra,
Astoria,
Seraph,
Zephyr,
Radiant,
Novus,
Orbit,
Axiom,
Spartan,
Stella,
Vigour,
Quintess,
Aeon,
Astro,
Pandora,
Vesper,
Astrolux,
Serpent,
Astrix,
Vesper,
Zenith,
Stellaria,
Exodeus,
Hyperion,
Vanguard,
Vortex,
Equinox,
Sabre,
Aquila,
Nova,
Spectre,
Sentinel,
Lyra,
Altair,
Argo,
Astraeus,
Horizon,
Starblade,
